,bant_submit,customer_country,business_unit,com_reg_ver_win_rate,customer_idx,customer_type,enterprise,historical_existing_cnt,id_strategic_ver,it_strategic_ver,idit_strategic_ver,customer_job,lead_desc_length,inquiry_type,product_category,product_subcategory,product_modelname,customer_country.1,customer_position,response_corporate,expected_timeline,ver_cus,ver_pro,ver_win_rate_x,ver_win_ratio_per_bu,business_area,business_subarea,lead_owner
mean,0.6345933320966627,7072.92504089445,1.3204944434138857,0.09168466441499047,27114.556333159075,27.765611561746404,0.3628391709809609,19.91218377435301,1.0,1.0,1.0,259.3210003541375,79.27158974013052,33.278436398590195,178.87144808512792,318.75928767770114,648.2678797281573,7072.92504089445,58.76178350393767,29.91952646756269,230.73628560346717,0.041602725172431236,0.05081030034233292,0.0011171000940318246,0.04928815055359004,5.770856169581275,82.35481205416617,262.5638880925479
std,0.28606633554511807,4681.0836821765315,1.1728286539609305,0.1509880683527061,14653.911887662027,9.794529137410734,0.48082305031380346,44.697937629752936,0.0,0.0,0.0,126.32044228628234,132.5510672927246,6.259587050426824,75.1967768405325,80.78947929939783,143.42244219860427,4681.0836821765315,24.364701692250193,13.416592625422282,84.58710289533683,0.1996812731080166,0.21961199203959567,0.001104497597551409,0.027948584380823076,2.4041558789116415,13.065808387576968,231.60568146726158
min,0.0,0.0,0.0,0.0037878787878787,2.0,0.0,0.0,0.0,1.0,1.0,1.0,0.0,1.0,0.0,0.0,0.0,0.0,0.0,0.0,0.0,0.0,0.0,0.0,2.3159381337232847e-06,0.0115830115830115,0.0,0.0,0.0
25%,0.5,2048.5,0.0,0.0199004975124378,14913.0,29.0,0.0,1.0,1.0,1.0,1.0,160.0,7.0,30.0,100.0,349.0,699.0,2048.5,36.0,21.0,246.0,0.0,0.0,0.0002983104051378,0.0268456375838926,6.0,86.0,97.0
50%,0.5,6298.0,2.0,0.0491803278688524,26774.0,33.0,0.0,4.0,1.0,1.0,1.0,323.0,29.0,32.0,183.0,349.0,699.0,6298.0,74.0,30.0,271.0,0.0,0.0,0.0005719551277132,0.0498402555910543,6.0,86.0,175.0
75%,1.0,10645.5,2.0,0.0749486652977412,40368.5,33.0,1.0,19.0,1.0,1.0,1.0,334.0,92.0,32.0,194.0,349.0,699.0,10645.5,74.0,43.0,271.0,0.0,0.0,0.0011827288932506,0.0645661157024793,6.0,86.0,374.0
max,1.0,17480.0,4.0,1.0,47466.0,33.0,1.0,1394.0,1.0,1.0,1.0,562.0,1264.0,71.0,359.0,356.0,699.0,17480.0,117.0,52.0,449.0,1.0,1.0,0.0030792876608617,0.2857142857142857,12.0,86.0,1114.0
